frame,pipeline_ms,preprocess_ms,inference_ms,postprocess_ms,rss_mb,detections
1,10.531,0.411,9.266,0.205,474.05,5
2,10.765,0.427,9.548,0.192,474.11,5
3,10.386,0.414,9.153,0.224,474.11,5
4,10.62,0.414,9.363,0.252,474.72,5
5,10.821,0.39,9.587,0.2,475.2,3
6,10.16,0.413,8.873,0.204,475.2,6
7,11.187,0.405,9.985,0.195,476.98,6
8,11.494,0.457,10.194,0.201,477.17,6
9,11.641,0.428,10.304,0.255,478.73,5
10,11.969,0.452,10.664,0.197,478.73,5
11,11.308,0.429,10.012,0.216,478.73,5
12,11.492,0.442,10.204,0.206,478.73,5
13,11.675,0.437,10.397,0.199,478.73,5
14,11.498,0.439,10.207,0.214,478.73,5
15,11.366,0.432,10.065,0.212,478.75,5
16,11.735,0.454,10.446,0.194,478.75,6
17,11.675,0.437,10.388,0.206,478.75,6
18,11.46,0.444,10.141,0.204,478.75,6
19,11.844,0.443,10.542,0.208,481.2,6
20,11.402,0.438,10.133,0.183,481.22,7
21,11.982,0.428,10.652,0.233,481.22,6
22,10.626,0.427,9.409,0.202,481.22,5
23,10.527,0.401,9.338,0.202,481.23,4
24,10.686,0.384,9.501,0.212,482.8,4
25,10.886,0.432,9.663,0.192,482.8,4
26,10.471,0.411,9.262,0.201,482.8,5
27,10.475,0.385,9.274,0.219,482.81,4
28,10.88,0.403,9.668,0.199,482.81,6
29,10.462,0.445,9.22,0.206,482.83,5
30,10.723,0.428,9.477,0.212,484.7,5
31,10.683,0.463,9.414,0.208,484.7,5
32,10.932,0.413,9.65,0.211,484.7,5
33,10.671,0.421,9.45,0.207,485.12,5
34,10.634,0.411,9.414,0.211,485.27,5
35,10.472,0.421,9.288,0.179,485.28,4
36,10.718,0.434,9.497,0.199,485.28,4
37,10.546,0.407,9.327,0.21,485.28,5
38,10.497,0.419,9.293,0.199,485.28,5
39,10.581,0.412,9.365,0.211,485.28,4
40,10.704,0.41,9.471,0.222,485.28,5
41,10.61,0.405,9.415,0.191,485.28,4
42,10.451,0.386,9.268,0.204,485.28,6
43,10.799,0.399,9.556,0.217,485.28,6
44,10.524,0.442,9.294,0.191,485.28,5
45,10.361,0.408,9.172,0.185,485.28,5
46,10.591,0.387,9.396,0.208,485.28,5
47,10.883,0.42,9.68,0.193,485.28,6
48,10.514,0.42,9.311,0.184,485.28,7
49,10.578,0.38,9.412,0.203,485.28,6
50,10.956,0.434,9.714,0.207,485.28,5
51,10.653,0.415,9.446,0.191,485.28,3
52,10.423,0.387,9.246,0.212,485.28,3
53,10.614,0.418,9.411,0.202,485.28,4
54,10.966,0.419,9.757,0.196,485.28,4
55,10.463,0.41,9.244,0.213,485.28,3
56,10.153,0.405,8.932,0.195,485.28,4
57,10.169,0.396,8.977,0.206,485.28,5
58,10.898,0.416,9.671,0.202,485.28,5
59,10.528,0.374,9.352,0.2,485.28,6
60,10.571,0.393,9.374,0.213,485.28,4
61,10.305,0.417,9.075,0.207,485.28,5
62,10.725,0.414,9.512,0.201,485.28,4
63,10.558,0.416,9.364,0.187,485.28,3
64,10.358,0.403,9.169,0.186,485.28,4
65,10.473,0.429,9.232,0.195,485.28,4
66,10.884,0.412,9.668,0.214,485.28,4
67,10.464,0.414,9.269,0.181,485.28,3
68,10.528,0.386,9.353,0.199,485.28,3
69,10.506,0.409,9.311,0.197,485.28,3
70,10.694,0.401,9.504,0.199,485.28,3
71,10.429,0.4,9.204,0.216,485.28,4
72,10.501,0.418,9.298,0.2,485.28,2
73,10.432,0.416,9.234,0.195,485.28,5
74,11.027,0.405,9.823,0.195,485.28,5
75,10.582,0.429,9.383,0.188,485.28,2
76,10.36,0.42,9.168,0.19,485.28,4
77,10.286,0.427,9.07,0.206,485.28,4
78,10.805,0.43,9.577,0.2,485.3,4
79,10.479,0.425,9.258,0.202,485.3,4
80,10.43,0.427,9.205,0.207,485.3,3
81,10.522,0.401,9.337,0.196,485.3,3
82,10.762,0.42,9.566,0.203,485.3,3
83,10.397,0.429,9.174,0.216,485.3,3
84,10.599,0.431,9.372,0.204,485.3,3
85,10.711,0.426,9.383,0.196,485.3,5
86,10.512,0.402,9.329,0.192,485.3,4
87,10.663,0.389,9.441,0.204,485.3,3
88,10.617,0.434,9.394,0.191,485.3,2
89,10.483,0.418,9.303,0.181,485.3,3
90,10.887,0.405,9.686,0.207,485.3,3
91,10.591,0.423,9.376,0.196,485.3,3
92,10.477,0.406,9.287,0.197,485.3,3
93,10.457,0.378,9.292,0.197,485.3,3
94,10.645,0.423,9.448,0.182,485.3,3
95,10.512,0.427,9.292,0.2,485.3,3
96,10.376,0.406,9.151,0.222,485.3,4
97,10.423,0.41,9.227,0.19,485.3,3
98,10.867,0.373,9.716,0.182,485.3,3
99,10.346,0.41,9.126,0.207,485.3,3
100,10.622,0.401,9.401,0.213,485.3,2
101,10.554,0.424,9.428,0.112,485.3,0
102,10.257,0.404,9.06,0.199,485.3,2
103,10.58,0.415,9.355,0.192,485.3,2
104,10.561,0.416,9.362,0.19,485.3,3
105,10.365,0.408,9.154,0.214,485.3,2
106,10.471,0.401,9.279,0.185,486.66,4
107,10.843,0.423,9.634,0.192,486.66,2
108,10.58,0.417,9.385,0.188,487.44,3
109,10.473,0.402,9.286,0.199,487.45,2
110,10.478,0.381,9.311,0.188,487.45,2
111,10.416,0.384,9.246,0.196,487.45,3
112,10.463,0.412,9.253,0.202,487.45,3
113,10.64,0.408,9.444,0.189,487.47,3
114,10.254,0.393,9.078,0.203,487.55,3
115,10.375,0.387,9.186,0.207,487.55,3
116,10.558,0.385,9.386,0.187,487.55,3
117,10.518,0.409,9.324,0.2,487.55,2
118,10.414,0.414,9.198,0.209,487.55,2
119,10.653,0.418,9.419,0.202,487.55,3
120,10.29,0.415,9.086,0.204,487.55,3
121,10.855,0.421,9.622,0.22,487.55,3
122,10.828,0.407,9.606,0.213,487.56,4
123,10.424,0.388,9.255,0.2,487.56,4
124,10.381,0.419,9.183,0.195,487.56,3
125,10.309,0.415,9.067,0.197,487.56,4
126,10.267,0.416,9.04,0.195,487.56,3
127,10.081,0.394,8.912,0.188,487.56,3
128,10.618,0.402,9.398,0.212,487.56,3
129,10.522,0.415,9.308,0.192,487.56,4
130,10.478,0.431,9.277,0.187,487.56,4
131,10.37,0.388,9.155,0.219,487.56,4
132,10.76,0.417,9.556,0.198,487.56,3
133,10.394,0.416,9.21,0.182,487.56,5
134,10.348,0.413,9.139,0.201,487.56,3
135,10.456,0.4,9.281,0.188,487.56,3
136,10.443,0.389,9.267,0.201,487.56,2
137,10.215,0.423,9.007,0.199,487.56,2
138,10.575,0.423,9.365,0.194,487.56,3
139,11.333,0.433,9.249,1.05,487.58,1
140,10.431,0.422,9.186,0.204,487.58,2
141,11.455,0.388,10.225,0.197,487.58,2
142,11.087,0.392,9.827,0.196,487.58,3
143,11.18,0.399,9.93,0.197,487.58,2
144,11.333,0.452,9.978,0.189,487.58,2
145,10.454,0.411,9.26,0.199,487.58,2
146,10.313,0.423,9.099,0.204,487.58,2
147,10.632,0.42,9.393,0.196,487.58,2
148,10.685,0.408,9.495,0.2,487.58,2
149,10.27,0.39,9.111,0.188,487.58,2
150,10.478,0.385,9.312,0.188,487.58,2
151,10.393,0.405,9.215,0.187,487.58,2
152,10.418,0.389,9.261,0.191,487.58,3
153,10.29,0.388,9.124,0.196,487.58,2
154,10.515,0.402,9.343,0.171,487.58,1
155,10.324,0.392,9.183,0.155,487.58,1
156,10.137,0.414,8.917,0.213,487.58,2
157,10.687,0.444,9.48,0.158,487.58,1
158,10.629,0.383,9.488,0.163,487.58,1
159,10.279,0.41,9.107,0.173,487.58,1
160,10.508,0.42,9.308,0.176,487.58,1
161,10.445,0.422,9.271,0.169,487.58,1
162,10.186,0.388,9.023,0.188,487.58,3
163,10.459,0.442,9.255,0.164,487.58,1
164,10.451,0.421,9.272,0.155,487.58,1
165,10.306,0.432,9.094,0.183,487.58,2
166,10.619,0.407,9.433,0.151,487.58,1
167,10.417,0.394,9.244,0.196,487.58,3
168,10.373,0.401,9.221,0.181,487.58,2
169,10.449,0.408,9.24,0.206,487.58,3
170,10.654,0.405,9.44,0.2,487.59,3
171,10.517,0.424,9.3,0.193,487.59,3
172,10.322,0.402,9.148,0.186,487.59,3
173,10.39,0.427,9.195,0.183,487.59,2
174,10.443,0.367,9.304,0.186,487.59,3
175,10.321,0.409,9.117,0.206,487.59,3
176,10.57,0.404,9.358,0.21,487.59,3
177,10.444,0.403,9.257,0.194,487.59,4
178,10.783,0.393,9.429,0.211,487.59,3
179,10.525,0.425,9.316,0.19,487.59,3
180,10.668,0.423,9.436,0.2,487.59,4
181,10.478,0.423,9.244,0.212,487.59,3
182,10.596,0.41,9.382,0.204,487.59,4
183,10.398,0.424,9.191,0.192,487.59,2
184,10.309,0.406,9.144,0.163,487.61,1
185,10.066,0.413,8.832,0.196,487.61,3
186,9.919,0.394,8.727,0.201,487.61,2
187,9.926,0.373,8.764,0.191,487.61,2
188,10.169,0.382,8.99,0.194,487.61,3
189,10.019,0.403,8.817,0.184,487.61,3
190,10.019,0.386,8.867,0.186,487.61,2
191,10.362,0.413,9.135,0.214,487.61,3
192,10.55,0.418,9.348,0.199,487.61,2
193,10.477,0.426,9.291,0.163,487.61,2
194,10.221,0.392,9.032,0.208,487.61,3
195,10.717,0.415,9.527,0.186,487.61,4
196,10.564,0.413,9.37,0.191,487.61,3
197,10.342,0.415,9.147,0.186,487.61,4
198,10.528,0.439,9.31,0.178,487.61,4
199,10.315,0.377,9.148,0.209,487.61,5
200,10.573,0.399,9.398,0.186,487.61,4
201,10.491,0.412,9.272,0.218,487.61,5
202,10.554,0.415,9.362,0.188,487.61,4
203,10.454,0.396,9.264,0.205,487.61,5
204,10.573,0.385,9.385,0.205,487.61,5
205,10.532,0.434,9.303,0.189,487.61,4
206,10.542,0.417,9.349,0.193,487.61,5
207,10.506,0.418,9.289,0.21,487.61,4
208,10.825,0.419,9.597,0.202,487.61,2
209,10.462,0.412,9.291,0.18,487.61,4
210,10.417,0.421,9.211,0.206,487.61,3
211,10.564,0.4,9.364,0.196,487.61,4
212,10.886,0.391,9.712,0.193,487.61,4
213,10.277,0.385,9.081,0.21,487.61,2
214,10.718,0.403,9.498,0.198,487.61,4
215,10.572,0.412,9.4,0.169,487.61,3
216,10.394,0.397,9.221,0.19,487.61,4
217,10.663,0.416,9.45,0.208,487.61,4
218,10.557,0.426,9.359,0.186,487.61,4
219,10.405,0.427,9.215,0.182,487.61,4
220,10.688,0.373,9.499,0.232,487.61,5
221,10.239,0.434,9.013,0.195,487.61,5
222,10.469,0.402,9.254,0.203,487.61,5
223,10.39,0.381,9.225,0.197,487.61,6
224,10.802,0.411,9.596,0.191,487.62,7
225,10.6,0.389,9.432,0.201,487.62,6
226,10.319,0.425,9.087,0.216,487.62,5
227,10.55,0.398,9.377,0.189,487.62,7
228,10.602,0.397,9.422,0.19,487.62,5
229,10.347,0.395,9.145,0.21,487.62,3
230,10.605,0.409,9.427,0.182,487.62,6
231,10.47,0.384,9.309,0.187,487.62,5
232,10.466,0.384,9.291,0.203,487.62,5
233,10.626,0.431,9.401,0.205,487.62,4
234,10.599,0.398,9.406,0.197,487.64,5
235,10.377,0.393,9.199,0.2,487.64,4
236,11.087,0.408,9.873,0.208,487.64,4
237,10.425,0.405,9.226,0.198,487.64,3
238,10.564,0.42,9.343,0.197,487.64,3
239,10.55,0.399,9.36,0.193,487.64,4
240,10.725,0.4,9.543,0.194,487.64,5
241,10.572,0.416,9.375,0.18,487.64,5
242,10.466,0.393,9.287,0.196,487.64,5
243,10.558,0.42,9.318,0.203,487.64,5
244,10.68,0.408,9.501,0.192,487.64,4
245,10.327,0.417,9.124,0.2,487.64,4
246,10.579,0.413,9.387,0.19,487.64,5
247,10.557,0.408,9.384,0.181,487.64,3
248,10.486,0.398,9.298,0.203,487.64,4
249,10.543,0.41,9.352,0.19,487.64,4
250,10.522,0.414,9.333,0.185,487.64,4
251,10.285,0.405,9.09,0.211,487.64,3
252,10.898,0.413,9.693,0.196,487.64,4
253,10.56,0.425,9.372,0.181,487.64,5
254,10.388,0.409,9.189,0.208,487.64,5
255,10.6,0.42,9.375,0.196,487.64,4
256,10.855,0.386,9.662,0.201,487.64,5
257,10.421,0.409,9.233,0.178,487.64,5
258,10.613,0.395,9.382,0.207,487.64,5
259,10.43,0.398,9.251,0.201,487.64,4
260,10.804,0.386,9.624,0.19,487.64,3
261,10.62,0.399,9.431,0.202,487.64,7
262,10.654,0.407,9.472,0.194,487.64,5
263,10.548,0.419,9.339,0.192,487.64,5
264,10.733,0.386,9.534,0.216,487.64,4
265,10.48,0.398,9.293,0.188,487.64,4
266,10.42,0.418,9.221,0.195,487.64,4
267,10.433,0.399,9.247,0.209,487.64,4
268,11.215,0.408,10.009,0.194,487.64,6
269,10.477,0.4,9.285,0.201,487.64,4
270,10.235,0.409,9.032,0.199,487.64,3
271,10.612,0.406,9.408,0.209,487.64,4
272,10.778,0.398,9.609,0.181,487.64,3
273,10.36,0.406,9.168,0.201,487.64,5
274,10.608,0.388,9.432,0.192,487.64,4
275,10.581,0.416,9.345,0.199,487.64,3
276,10.522,0.41,9.317,0.199,487.64,5
277,10.589,0.428,9.349,0.194,487.64,6
278,10.621,0.415,9.409,0.205,487.64,5
279,10.364,0.393,9.156,0.186,487.64,6
280,10.991,0.385,9.783,0.199,487.64,6
281,10.528,0.41,9.318,0.196,487.64,3
282,10.544,0.417,9.348,0.194,487.64,4
283,10.859,0.381,9.678,0.206,487.64,4
284,10.99,0.411,9.79,0.187,487.64,2
285,10.546,0.417,9.372,0.173,487.64,4
286,10.621,0.379,9.455,0.199,487.64,4
287,10.015,0.401,8.863,0.174,487.64,2
288,9.985,0.369,8.841,0.189,487.64,3
289,10.019,0.397,8.821,0.2,487.64,3
290,11.313,0.386,10.135,0.205,487.64,6
291,11.284,0.417,10.043,0.189,487.64,4
292,11.541,0.45,10.244,0.216,487.64,4
293,11.429,0.427,10.089,0.2,487.64,3
294,11.408,0.45,10.128,0.196,487.64,5
295,11.314,0.426,10.052,0.203,487.64,4
296,11.384,0.423,10.114,0.206,487.64,2
297,11.355,0.43,10.091,0.182,487.64,2
298,11.364,0.446,10.077,0.197,487.64,2
299,11.263,0.431,9.986,0.191,487.64,3
300,11.287,0.443,10.004,0.19,487.64,3
